Dataset,Version,DFS_Mean_AUC,DFS_Max_AUC,DFS_Best_Year,OS_Mean_AUC,OS_Max_AUC,OS_Best_Year
Clinical,Old (No Censoring),0.533533092318755,0.63616535105941,6,0.555050928267447,0.7333785617367707,9
Gene,Old (No Censoring),0.5681043268457084,0.668309208500154,9,0.5820864053334586,0.7025751778210756,10
Clinical_Gene,Old (No Censoring),0.5779811897856889,0.7060822740112994,10,0.5985217795226253,0.7303926647326978,10
Clinical2,New (Censored),0.5842447809318584,0.7264802924915286,3,0.6525491733304536,0.8595402162290603,1
Gene2,New (Censored),0.5470383058133006,0.6724537037037036,2,0.6176134737862298,0.7710570693174758,2
Clinical_Gene_2,New (Censored),0.5716316083355791,0.7432659932659933,10,0.6707014230475488,0.8905597326649958,1
